{"cameraMode":{"drawMode":0,"name":"Shaded","section":"Shading Mode"},"sceneLighting":false,"audioPlay":false,"sceneViewState":{"m_AlwaysRefresh":false,"showFog":true,"showSkybox":false,"showFlares":true,"showImageEffects":true,"showParticleSystems":true,"showVisualEffectGraphs":true,"m_FxEnabled":true},"in2DMode":false,"pivot":{"x":0.08244168758392334,"y":0.23215317726135255,"z":0.03396693617105484},"rotation":{"x":-0.01429807860404253,"y":0.680202066898346,"z":-0.013259242288768292,"w":-0.7327881455421448},"size":0.5660253763198853,"orthographic":false}