{"cameraMode":{"drawMode":0,"name":"Shaded","section":"Shading Mode"},"sceneLighting":false,"audioPlay":false,"sceneViewState":{"m_AlwaysRefresh":false,"showFog":true,"showSkybox":false,"showFlares":true,"showImageEffects":true,"showParticleSystems":true,"showVisualEffectGraphs":true,"m_FxEnabled":true},"in2DMode":false,"pivot":{"x":0.12826204299926759,"y":0.15401190519332887,"z":18.164892196655275},"rotation":{"x":-0.10506571829319,"y":0.6963946223258972,"z":-0.10417649894952774,"w":-0.7022649049758911},"size":0.37802058458328249,"orthographic":false}